kind,case,arrival_ms,measured_distance_px,fit_speed_px_s,predicted_root_ms,true_root_ms,bias_ms,residual_px,uncertainty_ms,relative_lag_ms
time,constant_age_0,100.000000,-40.000000,800.000000,150.000000,150.000000,0.000000,0.000000,2.500000,0.000000
time,constant_age_20,120.000000,-40.000000,800.000000,170.000000,150.000000,20.000000,0.000000,2.500000,0.000000
time,affine_age_20_plus_half_source,170.000000,-40.000000,533.333333,245.000000,150.000000,95.000000,0.000000,3.750000,50.000000
kind,case,step,prior_abs_distance_px,current_abs_distance_px,allowed_increment_px,preserve_predicate
preserve,width128_increment12.000000,1,100.000000,112.000000,12.800000,1
preserve,width128_increment12.000000,2,112.000000,124.000000,12.800000,1
preserve,width128_increment12.000000,3,124.000000,136.000000,12.800000,1
preserve,width128_increment12.000000,4,136.000000,148.000000,12.800000,1
preserve,width128_increment12.000000,5,148.000000,160.000000,12.800000,1
preserve,width128_increment12.000000,6,160.000000,172.000000,12.800000,1
preserve,width128_increment12.800000,1,100.000000,112.800000,12.800000,1
preserve,width128_increment12.800000,2,112.800000,125.600000,12.800000,1
preserve,width128_increment12.800000,3,125.600000,138.400000,12.800000,1
preserve,width128_increment12.800000,4,138.400000,151.200000,12.800000,1
preserve,width128_increment12.800000,5,151.200000,164.000000,12.800000,1
preserve,width128_increment12.800000,6,164.000000,176.800000,12.800000,1
preserve,width128_increment12.800001,1,100.000000,112.800001,12.800000,0
preserve,width128_increment12.800001,2,112.800001,125.600002,12.800000,0
preserve,width128_increment12.800001,3,125.600002,138.400003,12.800000,0
preserve,width128_increment12.800001,4,138.400003,151.200004,12.800000,0
preserve,width128_increment12.800001,5,151.200004,164.000005,12.800000,0
preserve,width128_increment12.800001,6,164.000005,176.800006,12.800000,0
preserve,width128_increment49.000000,1,100.000000,149.000000,12.800000,0
preserve,width128_increment49.000000,2,149.000000,198.000000,12.800000,0
preserve,width128_increment49.000000,3,198.000000,247.000000,12.800000,0
preserve,width128_increment49.000000,4,247.000000,296.000000,12.800000,0
preserve,width128_increment49.000000,5,296.000000,345.000000,12.800000,0
preserve,width128_increment49.000000,6,345.000000,394.000000,12.800000,0
